﻿<parameters>
  <parameter name="IIS Web Application Name" defaultValue="Default Web Site/Recommendations.WebApp_deploy" tags="IisApp">
    <parameterEntry kind="ProviderPath" scope="IisApp" match="^C:\\Users\\victliu\\Source\\Repos\\Product-Recommendations\\source\\Recommendations\.WebApp\\obj\\x64\\Release\\Package\\PackageTmp$" />
    <parameterEntry kind="ProviderPath" scope="setAcl" match="^C:\\Users\\victliu\\Source\\Repos\\Product-Recommendations\\source\\Recommendations\.WebApp\\obj\\x64\\Release\\Package\\PackageTmp$" />
  </parameter>
  <parameter name="Add write permission to App_Data Folder" description="Add write permission to App_Data folder" defaultValue="{IIS Web Application Name}/App_Data" tags="Hidden">
    <parameterEntry kind="ProviderPath" scope="setAcl" match="^C:\\Users\\victliu\\Source\\Repos\\Product-Recommendations\\source\\Recommendations\.WebApp\\obj\\x64\\Release\\Package\\PackageTmp\\App_Data$" />
  </parameter>
  <parameter name="AzureWebJobsStorage-Web.config Connection String" defaultValue="UseDevelopmentStorage=true">
    <parameterEntry kind="XmlFile" scope="C:\\Users\\victliu\\Source\\Repos\\Product-Recommendations\\source\\Recommendations\.WebApp\\obj\\x64\\Release\\Package\\PackageTmp\\Web\.config$" match="/configuration/connectionStrings/add[@name='AzureWebJobsStorage']/@connectionString" />
  </parameter>
</parameters>